"","Database","AnimalID","TestSite","Mouse.Strain","Genotype","Sex","Age.Months","Task","Day"
"1","GUEPD3XTG3MF","gt66x120","Site2","3xTG-AD","3xTG-AD","Female","4","PD Acquisition 1",13
"2","GUEPD3XTG3MF","gt66x121","Site2","3xTG-AD","3xTG-AD","Female","4","PD Acquisition 1",6
"3","GUEPD3XTG3MF","gt66x122","Site2","3xTG-AD","3xTG-AD","Female","4","PD Acquisition 1",10
"4","GUEPD3XTG3MF","gt67x123","Site2","3xTG-AD","3xTG-AD","Female","4","PD Acquisition 1",12
"5","GUEPD3XTG3MF","gt67x124","Site2","3xTG-AD","3xTG-AD","Female","4","PD Acquisition 1",14
"6","GUEPD3XTG3MF","gt67x125","Site2","3xTG-AD","3xTG-AD","Female","4","PD Acquisition 1",9
"7","GUEPD3XTG3MF","gt68x126","Site2","3xTG-AD","3xTG-AD","Female","4","PD Acquisition 1",8
"8","GUEPD3XTG3MF","gt68x127","Site2","3xTG-AD","3xTG-AD","Female","4","PD Acquisition 1",6
"9","GUEPD3XTG3MF","gt68x128","Site2","3xTG-AD","3xTG-AD","Female","4","PD Acquisition 1",8
"10","GUEPD3XTG3MF","gt69x129","Site2","3xTG-AD","3xTG-AD","Female","4","PD Acquisition 1",8
"11","GUEPD3XTG3MF","gt69x130","Site2","3xTG-AD","3xTG-AD","Female","4","PD Acquisition 1",21
"12","GUEPD3XTG3MF","gt69x131","Site2","3xTG-AD","3xTG-AD","Female","4","PD Acquisition 1",14
"13","GUEPD3XTG3MF","gt70x132","Site2","3xTG-AD","3xTG-AD","Female","4","PD Acquisition 1",13
"14","GUEPD3XTG3MF","gt70x133","Site2","3xTG-AD","3xTG-AD","Female","4","PD Acquisition 1",8
"15","GUEPD3XTG3MF","gt70x134","Site2","3xTG-AD","3xTG-AD","Female","4","PD Acquisition 1",19
"16","GUEPD5FAD3MF","gt178f422","Site2","5xFAD","5xFAD","Female","4","PD Acquisition 1",24
"17","GUEPD5FAD3MF","gt178f423","Site2","5xFAD","5xFAD","Female","4","PD Acquisition 1",8
"18","GUEPD5FAD3MF","gt178f424","Site2","5xFAD","5xFAD","Female","4","PD Acquisition 1",13
"19","GUEPD5FAD3MF","gt178f425","Site2","5xFAD","5xFAD","Female","4","PD Acquisition 1",18
"20","GUEPD5FAD3MF","gt179f426","Site2","5xFAD","5xFAD","Female","4","PD Acquisition 1",18
"21","GUEPD5FAD3MF","gt179f427","Site2","5xFAD","5xFAD","Female","4","PD Acquisition 1",26
"22","GUEPD5FAD3MF","gt179f428","Site2","5xFAD","5xFAD","Female","4","PD Acquisition 1",14
"23","GUEPD5FAD3MF","gt179f429","Site2","5xFAD","5xFAD","Female","4","PD Acquisition 1",7
"24","GUEPD5FAD3MF","gt74f147","Site2","5xFAD","5xFAD","Female","4","PD Acquisition 1",16
"25","GUEPD5FAD3MF","gt74f148","Site2","5xFAD","5xFAD","Female","4","PD Acquisition 1",16
"26","GUEPD5FAD3MF","gt74f149","Site2","5xFAD","5xFAD","Female","4","PD Acquisition 1",13
"27","GUEPD5FAD3MF","gt74f150","Site2","5xFAD","5xFAD","Female","4","PD Acquisition 1",21
"28","GUEPD5FAD3MF","gt75f151","Site2","5xFAD","5xFAD","Female","4","PD Acquisition 1",16
"29","GUEPD5FAD3MF","gt75f152","Site2","5xFAD","5xFAD","Female","4","PD Acquisition 1",16
"30","GUEPD5FAD3MF","gt75f153","Site2","5xFAD","5xFAD","Female","4","PD Acquisition 1",8
"31","GUEPD5FAD3MF","gt76f155","Site2","5xFAD","5xFAD","Female","4","PD Acquisition 1",12
"32","GUEPD5FAD3MF","gt76f156","Site2","5xFAD","5xFAD","Female","4","PD Acquisition 1",9
"33","GUEPD5FAD3MF","gt76f158","Site2","5xFAD","5xFAD","Female","4","PD Acquisition 1",12
"34","GUEPDAPP3MF","gt147a317","Site2","APP-PS1","APPPS1","Female","4","PD Acquisition 1",8
"35","GUEPDAPP3MF","gt147a318","Site2","APP-PS1","APPPS1","Female","4","PD Acquisition 1",10
"36","GUEPDAPP3MF","gt148a320","Site2","APP-PS1","APPPS1","Female","4","PD Acquisition 1",6
"37","GUEPDAPP3MF","gt148a321","Site2","APP-PS1","APPPS1","Female","4","PD Acquisition 1",6
"38","GUEPDAPP3MF","gt149a322","Site2","APP-PS1","APPPS1","Female","4","PD Acquisition 1",5
"39","GUEPDAPP3MF","gt149a324","Site2","APP-PS1","APPPS1","Female","4","PD Acquisition 1",15
"40","GUEPDAPP3MF","gt149a325","Site2","APP-PS1","APPPS1","Female","4","PD Acquisition 1",9
"41","GUEPDAPP3MF","gt150a327","Site2","APP-PS1","APPPS1","Female","4","PD Acquisition 1",10
"42","GUEPDAPP3MF","gt150a328","Site2","APP-PS1","APPPS1","Female","4","PD Acquisition 1",13
"43","GUEPDAPP3MF","gt150a329","Site2","APP-PS1","APPPS1","Female","4","PD Acquisition 1",8
"44","GUEPDAPP3MF","gt151a330","Site2","APP-PS1","APPPS1","Female","4","PD Acquisition 1",11
"45","GUEPDAPP3MF","gt151a331","Site2","APP-PS1","APPPS1","Female","4","PD Acquisition 1",10
"46","GUEPD3XTG3MF","gw61x105","Site2","3xTG-AD","B6129SF2/J","Female","4","PD Acquisition 1",11
"47","GUEPD3XTG3MF","gw61x106","Site2","3xTG-AD","B6129SF2/J","Female","4","PD Acquisition 1",12
"48","GUEPD3XTG3MF","gw61x107","Site2","3xTG-AD","B6129SF2/J","Female","4","PD Acquisition 1",10
"49","GUEPD3XTG3MF","gw62x108","Site2","3xTG-AD","B6129SF2/J","Female","4","PD Acquisition 1",12
"50","GUEPD3XTG3MF","gw62x109","Site2","3xTG-AD","B6129SF2/J","Female","4","PD Acquisition 1",9
"51","GUEPD3XTG3MF","gw62x110","Site2","3xTG-AD","B6129SF2/J","Female","4","PD Acquisition 1",5
"52","GUEPD3XTG3MF","gw63x111","Site2","3xTG-AD","B6129SF2/J","Female","4","PD Acquisition 1",14
"53","GUEPD3XTG3MF","gw63x112","Site2","3xTG-AD","B6129SF2/J","Female","4","PD Acquisition 1",5
"54","GUEPD3XTG3MF","gw63x113","Site2","3xTG-AD","B6129SF2/J","Female","4","PD Acquisition 1",17
"55","GUEPD3XTG3MF","gw64x114","Site2","3xTG-AD","B6129SF2/J","Female","4","PD Acquisition 1",17
"56","GUEPD3XTG3MF","gw64x115","Site2","3xTG-AD","B6129SF2/J","Female","4","PD Acquisition 1",9
"57","GUEPD3XTG3MF","gw64x116","Site2","3xTG-AD","B6129SF2/J","Female","4","PD Acquisition 1",7
"58","GUEPD3XTG3MF","gw65x117","Site2","3xTG-AD","B6129SF2/J","Female","4","PD Acquisition 1",18
"59","GUEPD3XTG3MF","gw65x118","Site2","3xTG-AD","B6129SF2/J","Female","4","PD Acquisition 1",7
"60","GUEPD3XTG3MF","gw65x119","Site2","3xTG-AD","B6129SF2/J","Female","4","PD Acquisition 1",12
"61","GUEPD5FAD3MF","gw175f410","Site2","5xFAD","B6SJLF1/J","Female","4","PD Acquisition 1",17
"62","GUEPD5FAD3MF","gw175f411","Site2","5xFAD","B6SJLF1/J","Female","4","PD Acquisition 1",17
"63","GUEPD5FAD3MF","gw175f412","Site2","5xFAD","B6SJLF1/J","Female","4","PD Acquisition 1",15
"64","GUEPD5FAD3MF","gw175f413","Site2","5xFAD","B6SJLF1/J","Female","4","PD Acquisition 1",9
"65","GUEPD5FAD3MF","gw176f414","Site2","5xFAD","B6SJLF1/J","Female","4","PD Acquisition 1",14
"66","GUEPD5FAD3MF","gw176f415","Site2","5xFAD","B6SJLF1/J","Female","4","PD Acquisition 1",9
"67","GUEPD5FAD3MF","gw176f416","Site2","5xFAD","B6SJLF1/J","Female","4","PD Acquisition 1",15
"68","GUEPD5FAD3MF","gw176f417","Site2","5xFAD","B6SJLF1/J","Female","4","PD Acquisition 1",29
"69","GUEPD5FAD3MF","gw177f418","Site2","5xFAD","B6SJLF1/J","Female","4","PD Acquisition 1",13
"70","GUEPD5FAD3MF","gw177f419","Site2","5xFAD","B6SJLF1/J","Female","4","PD Acquisition 1",11
"71","GUEPD5FAD3MF","gw177f420","Site2","5xFAD","B6SJLF1/J","Female","4","PD Acquisition 1",31
"72","GUEPD5FAD3MF","gw177f421","Site2","5xFAD","B6SJLF1/J","Female","4","PD Acquisition 1",11
"73","GUEPD5FAD3MF","gw71f135","Site2","5xFAD","B6SJLF1/J","Female","4","PD Acquisition 1",16
"74","GUEPD5FAD3MF","gw71f136","Site2","5xFAD","B6SJLF1/J","Female","4","PD Acquisition 1",10
"75","GUEPD5FAD3MF","gw71f137","Site2","5xFAD","B6SJLF1/J","Female","4","PD Acquisition 1",11
"76","GUEPD5FAD3MF","gw71f138","Site2","5xFAD","B6SJLF1/J","Female","4","PD Acquisition 1",17
"77","GUEPD5FAD3MF","gw72f139","Site2","5xFAD","B6SJLF1/J","Female","4","PD Acquisition 1",11
"78","GUEPD5FAD3MF","gw72f140","Site2","5xFAD","B6SJLF1/J","Female","4","PD Acquisition 1",19
"79","GUEPD5FAD3MF","gw72f142","Site2","5xFAD","B6SJLF1/J","Female","4","PD Acquisition 1",13
"80","GUEPD5FAD3MF","gw73f143","Site2","5xFAD","B6SJLF1/J","Female","4","PD Acquisition 1",18
"81","GUEPD5FAD3MF","gw73f144","Site2","5xFAD","B6SJLF1/J","Female","4","PD Acquisition 1",15
"82","GUEPD5FAD3MF","gw73f145","Site2","5xFAD","B6SJLF1/J","Female","4","PD Acquisition 1",15
"83","GUEPD5FAD3MF","gw73f146","Site2","5xFAD","B6SJLF1/J","Female","4","PD Acquisition 1",28
"84","GUEPDAPP3MF","gw142a300","Site2","APP-PS1","C57BL6","Female","4","PD Acquisition 1",17
"85","GUEPDAPP3MF","gw142a301","Site2","APP-PS1","C57BL6","Female","4","PD Acquisition 1",12
"86","GUEPDAPP3MF","gw142a302","Site2","APP-PS1","C57BL6","Female","4","PD Acquisition 1",13
"87","GUEPDAPP3MF","gw142a303","Site2","APP-PS1","C57BL6","Female","4","PD Acquisition 1",13
"88","GUEPDAPP3MF","gw143a304","Site2","APP-PS1","C57BL6","Female","4","PD Acquisition 1",27
"89","GUEPDAPP3MF","gw143a305","Site2","APP-PS1","C57BL6","Female","4","PD Acquisition 1",15
"90","GUEPDAPP3MF","gw144a306","Site2","APP-PS1","C57BL6","Female","4","PD Acquisition 1",13
"91","GUEPDAPP3MF","gw144a307","Site2","APP-PS1","C57BL6","Female","4","PD Acquisition 1",17
"92","GUEPDAPP3MF","gw144a308","Site2","APP-PS1","C57BL6","Female","4","PD Acquisition 1",21
"93","GUEPDAPP3MF","gw145a310","Site2","APP-PS1","C57BL6","Female","4","PD Acquisition 1",11
"94","GUEPDAPP3MF","gw145a311","Site2","APP-PS1","C57BL6","Female","4","PD Acquisition 1",19
"95","GUEPDAPP3MF","gw145a312","Site2","APP-PS1","C57BL6","Female","4","PD Acquisition 1",7
"96","GUEPDAPP3MF","gw145a313","Site2","APP-PS1","C57BL6","Female","4","PD Acquisition 1",12
"97","GUEPDAPP3MF","gw146a314","Site2","APP-PS1","C57BL6","Female","4","PD Acquisition 1",18
"98","GUEPDAPP3MF","gw146a315","Site2","APP-PS1","C57BL6","Female","4","PD Acquisition 1",17
"99","LONPD3XTG3MM","lt57x112","Site1","3xTG-AD","3xTG-AD","Male","4","PD Acquisition 1",8
"100","LONPD3XTG3MM","lt57x113","Site1","3xTG-AD","3xTG-AD","Male","4","PD Acquisition 1",8
"101","LONPD3XTG3MM","lt58x114","Site1","3xTG-AD","3xTG-AD","Male","4","PD Acquisition 1",9
"102","LONPD3XTG3MM","lt58x115","Site1","3xTG-AD","3xTG-AD","Male","4","PD Acquisition 1",5
"103","LONPD3XTG3MM","lt59x116","Site1","3xTG-AD","3xTG-AD","Male","4","PD Acquisition 1",14
"104","LONPD3XTG3MM","lt59x117","Site1","3xTG-AD","3xTG-AD","Male","4","PD Acquisition 1",12
"105","LONPD3XTG3MM","lt60x118","Site1","3xTG-AD","3xTG-AD","Male","4","PD Acquisition 1",12
"106","LONPD3XTG3MM","lt60x119","Site1","3xTG-AD","3xTG-AD","Male","4","PD Acquisition 1",10
"107","LONPD3XTG3MM","lt61x120","Site1","3xTG-AD","3xTG-AD","Male","4","PD Acquisition 1",11
"108","LONPD3XTG3MM","lt61x121","Site1","3xTG-AD","3xTG-AD","Male","4","PD Acquisition 1",11
"109","LONPD3XTG3MM","lt62x122","Site1","3xTG-AD","3xTG-AD","Male","4","PD Acquisition 1",12
"110","LONPD3XTG3MM","lt62x123","Site1","3xTG-AD","3xTG-AD","Male","4","PD Acquisition 1",13
"111","LONPD3XTG3MM","lt63x124","Site1","3xTG-AD","3xTG-AD","Male","4","PD Acquisition 1",11
"112","LONPD3XTG3MM","lt63x125","Site1","3xTG-AD","3xTG-AD","Male","4","PD Acquisition 1",9
"113","LONPD5FAD3MM","lt107f169","Site1","5xFAD","5xFAD","Male","4","PD Acquisition 1",10
"114","LONPD5FAD3MM","lt108f170","Site1","5xFAD","5xFAD","Male","4","PD Acquisition 1",9
"115","LONPD5FAD3MM","lt109f171","Site1","5xFAD","5xFAD","Male","4","PD Acquisition 1",5
"116","LONPD5FAD3MM","lt110f172","Site1","5xFAD","5xFAD","Male","4","PD Acquisition 1",16
"117","LONPD5FAD3MM","lt111f173","Site1","5xFAD","5xFAD","Male","4","PD Acquisition 1",9
"118","LONPD5FAD3MM","lt112f174","Site1","5xFAD","5xFAD","Male","4","PD Acquisition 1",15
"119","LONPD5FAD3MM","lt113f175","Site1","5xFAD","5xFAD","Male","4","PD Acquisition 1",5
"120","LONPD5FAD3MM","lt114f176","Site1","5xFAD","5xFAD","Male","4","PD Acquisition 1",14
"121","LONPD5FAD3MM","lt115f177","Site1","5xFAD","5xFAD","Male","4","PD Acquisition 1",9
"122","LONPD5FAD3MM","lt116f178","Site1","5xFAD","5xFAD","Male","4","PD Acquisition 1",13
"123","LONPD5FAD3MM","lt117f179","Site1","5xFAD","5xFAD","Male","4","PD Acquisition 1",8
"124","LONPD5FAD3MM","lt118f180","Site1","5xFAD","5xFAD","Male","4","PD Acquisition 1",10
"125","LONPD5FAD3MM","lt119f181","Site1","5xFAD","5xFAD","Male","4","PD Acquisition 1",17
"126","LONPD5FAD3MM","lt120f182","Site1","5xFAD","5xFAD","Male","4","PD Acquisition 1",9
"127","LONPD5FAD3MM","lt383f445","Site1","5xFAD","5xFAD","Male","4","PD Acquisition 1",12
"128","LONPD5FAD3MM","lt384f446","Site1","5xFAD","5xFAD","Male","4","PD Acquisition 1",8
"129","LONPD5FAD3MM","lt385f447","Site1","5xFAD","5xFAD","Male","4","PD Acquisition 1",17
"130","LONPDAPP4MM","lt155a217","Site1","APP-PS1","APPPS1","Male","4","PD Acquisition 1",23
"131","LONPDAPP4MM","lt156a218","Site1","APP-PS1","APPPS1","Male","4","PD Acquisition 1",8
"132","LONPDAPP4MM","lt159a221","Site1","APP-PS1","APPPS1","Male","4","PD Acquisition 1",11
"133","LONPDAPP4MM","lt160a222","Site1","APP-PS1","APPPS1","Male","4","PD Acquisition 1",8
"134","LONPDAPP4MM","lt163a225","Site1","APP-PS1","APPPS1","Male","4","PD Acquisition 1",11
"135","LONPDAPP4MM","lt164a226","Site1","APP-PS1","APPPS1","Male","4","PD Acquisition 1",12
"136","LONPDAPP4MM","lt167a229","Site1","APP-PS1","APPPS1","Male","4","PD Acquisition 1",9
"137","LONPDAPP4MM","lt168a230","Site1","APP-PS1","APPPS1","Male","4","PD Acquisition 1",10
"138","LONPDAPP4MM","lt217a279","Site1","APP-PS1","APPPS1","Male","4","PD Acquisition 1",9
"139","LON5CAPP4MM","lt218a280","Site1","APP-PS1","APPPS1","Male","4","PD Acquisition 1",9
"140","LONPDAPP4MM","lt222a284","Site1","APP-PS1","APPPS1","Male","4","PD Acquisition 1",10
"141","LONPDAPP4MM","lt378a440","Site1","APP-PS1","APPPS1","Male","4","PD Acquisition 1",8
"142","LONPDAPP4MM","lt381a443","Site1","APP-PS1","APPPS1","Male","4","PD Acquisition 1",9
"143","LONPDAPP4MM","lt382a444","Site1","APP-PS1","APPPS1","Male","4","PD Acquisition 1",10
"144","LONPD3XTG3MM","lw49x097","Site1","3xTG-AD","B6129SF2/J","Male","4","PD Acquisition 1",5
"145","LONPD3XTG3MM","lw49x098","Site1","3xTG-AD","B6129SF2/J","Male","4","PD Acquisition 1",7
"146","LONPD3XTG3MM","lw50x099","Site1","3xTG-AD","B6129SF2/J","Male","4","PD Acquisition 1",17
"147","LONPD3XTG3MM","lw50x100","Site1","3xTG-AD","B6129SF2/J","Male","4","PD Acquisition 1",15
"148","LONPD3XTG3MM","lw51x101","Site1","3xTG-AD","B6129SF2/J","Male","4","PD Acquisition 1",6
"149","LONPD3XTG3MM","lw51x102","Site1","3xTG-AD","B6129SF2/J","Male","4","PD Acquisition 1",7
"150","LONPD3XTG3MM","lw52x103","Site1","3xTG-AD","B6129SF2/J","Male","4","PD Acquisition 1",17
"151","LONPD3XTG3MM","lw52x104","Site1","3xTG-AD","B6129SF2/J","Male","4","PD Acquisition 1",14
"152","LONPD3XTG3MM","lw53x105","Site1","3xTG-AD","B6129SF2/J","Male","4","PD Acquisition 1",14
"153","LONPD3XTG3MM","lw53x106","Site1","3xTG-AD","B6129SF2/J","Male","4","PD Acquisition 1",16
"154","LONPD3XTG3MM","lw54x107","Site1","3xTG-AD","B6129SF2/J","Male","4","PD Acquisition 1",5
"155","LONPD3XTG3MM","lw54x108","Site1","3xTG-AD","B6129SF2/J","Male","4","PD Acquisition 1",13
"156","LONPD3XTG3MM","lw55x109","Site1","3xTG-AD","B6129SF2/J","Male","4","PD Acquisition 1",3
"157","LONPD3XTG3MM","lw55x110","Site1","3xTG-AD","B6129SF2/J","Male","4","PD Acquisition 1",16
"158","LONPD3XTG3MM","lw56x111","Site1","3xTG-AD","B6129SF2/J","Male","4","PD Acquisition 1",14
"159","LONPD5FAD3MM","lw100f162","Site1","5xFAD","B6SJLF1/J","Male","4","PD Acquisition 1",15
"160","LONPD5FAD3MM","lw101f163","Site1","5xFAD","B6SJLF1/J","Male","4","PD Acquisition 1",13
"161","LONPD5FAD3MM","lw102f164","Site1","5xFAD","B6SJLF1/J","Male","4","PD Acquisition 1",7
"162","LONPD5FAD3MM","lw103f165","Site1","5xFAD","B6SJLF1/J","Male","4","PD Acquisition 1",19
"163","LONPD5FAD3MM","lw104f166","Site1","5xFAD","B6SJLF1/J","Male","4","PD Acquisition 1",16
"164","LONPD5FAD3MM","lw105f167","Site1","5xFAD","B6SJLF1/J","Male","4","PD Acquisition 1",9
"165","LONPD5FAD3MM","lw106f168","Site1","5xFAD","B6SJLF1/J","Male","4","PD Acquisition 1",16
"166","LONPD5FAD3MM","lw378f440","Site1","5xFAD","B6SJLF1/J","Male","4","PD Acquisition 1",13
"167","LONPD5FAD3MM","lw379f441","Site1","5xFAD","B6SJLF1/J","Male","4","PD Acquisition 1",12
"168","LONPD5FAD3MM","lw380f442","Site1","5xFAD","B6SJLF1/J","Male","4","PD Acquisition 1",11
"169","LONPD5FAD3MM","lw381f443","Site1","5xFAD","B6SJLF1/J","Male","4","PD Acquisition 1",18
"170","LONPD5FAD3MM","lw93f155","Site1","5xFAD","B6SJLF1/J","Male","4","PD Acquisition 1",14
"171","LONPD5FAD3MM","lw94f156","Site1","5xFAD","B6SJLF1/J","Male","4","PD Acquisition 1",14
"172","LONPD5FAD3MM","lw95f157","Site1","5xFAD","B6SJLF1/J","Male","4","PD Acquisition 1",10
"173","LONPD5FAD3MM","lw97f159","Site1","5xFAD","B6SJLF1/J","Male","4","PD Acquisition 1",22
"174","LONPD5FAD3MM","lw98f160","Site1","5xFAD","B6SJLF1/J","Male","4","PD Acquisition 1",29
"175","LONPD5FAD3MM","lw99f161","Site1","5xFAD","B6SJLF1/J","Male","4","PD Acquisition 1",12
"176","LONPDAPP4MM","lw153a215","Site1","APP-PS1","C57BL6","Male","4","PD Acquisition 1",32
"177","LONPDAPP4MM","lw154a216","Site1","APP-PS1","C57BL6","Male","4","PD Acquisition 1",18
"178","LONPDAPP4MM","lw157a219","Site1","APP-PS1","C57BL6","Male","4","PD Acquisition 1",7
"179","LONPDAPP4MM","lw158a220","Site1","APP-PS1","C57BL6","Male","4","PD Acquisition 1",13
"180","LONPDAPP4MM","lw161a223","Site1","APP-PS1","C57BL6","Male","4","PD Acquisition 1",11
"181","LONPDAPP4MM","lw162a224","Site1","APP-PS1","C57BL6","Male","4","PD Acquisition 1",14
"182","LONPDAPP4MM","lw165a227","Site1","APP-PS1","C57BL6","Male","4","PD Acquisition 1",14
"183","LONPDAPP4MM","lw166a228","Site1","APP-PS1","C57BL6","Male","4","PD Acquisition 1",11
"184","LONPDAPP4MM","lw215a277","Site1","APP-PS1","C57BL6","Male","4","PD Acquisition 1",10
"185","LONPDAPP4MM","lw216a278","Site1","APP-PS1","C57BL6","Male","4","PD Acquisition 1",7
"186","LONPDAPP4MM","lw219a281","Site1","APP-PS1","C57BL6","Male","4","PD Acquisition 1",9
"187","LONPDAPP4MM","lw220a282","Site1","APP-PS1","C57BL6","Male","4","PD Acquisition 1",12
"188","LONPDAPP4MM","lw223a285","Site1","APP-PS1","C57BL6","Male","4","PD Acquisition 1",16
"189","LONPDAPP4MM","lw379a441","Site1","APP-PS1","C57BL6","Male","4","PD Acquisition 1",10
"190","LONPDAPP4MM","lw383a445","Site1","APP-PS1","C57BL6","Male","4","PD Acquisition 1",8
"191","GUEPD3XTG7MF","gt66x120","Site2","3xTG-AD","3xTG-AD","Female","7","PD Acquisition 2",13
"192","GUEPD3XTG7MF","gt66x121","Site2","3xTG-AD","3xTG-AD","Female","7","PD Acquisition 2",6
"193","GUEPD3XTG7MF","gt66x122","Site2","3xTG-AD","3xTG-AD","Female","7","PD Acquisition 2",5
"194","GUEPD3XTG7MF","gt67x123","Site2","3xTG-AD","3xTG-AD","Female","7","PD Acquisition 2",6
"195","GUEPD3XTG7MF","gt67x124","Site2","3xTG-AD","3xTG-AD","Female","7","PD Acquisition 2",4
"196","GUEPD3XTG7MF","gt67x125","Site2","3xTG-AD","3xTG-AD","Female","7","PD Acquisition 2",11
"197","GUEPD3XTG7MF","gt68x126","Site2","3xTG-AD","3xTG-AD","Female","7","PD Acquisition 2",7
"198","GUEPD3XTG7MF","gt68x127","Site2","3xTG-AD","3xTG-AD","Female","7","PD Acquisition 2",3
"199","GUEPD3XTG7MF","gt68x128","Site2","3xTG-AD","3xTG-AD","Female","7","PD Acquisition 2",6
"200","GUEPD3XTG7MF","gt69x129","Site2","3xTG-AD","3xTG-AD","Female","7","PD Acquisition 2",8
"201","GUEPD3XTG7MF","gt69x130","Site2","3xTG-AD","3xTG-AD","Female","7","PD Acquisition 2",5
"202","GUEPD3XTG7MF","gt69x131","Site2","3xTG-AD","3xTG-AD","Female","7","PD Acquisition 2",10
"203","GUEPD3XTG7MF","gt70x132","Site2","3xTG-AD","3xTG-AD","Female","7","PD Acquisition 2",7
"204","GUEPD3XTG7MF","gt70x133","Site2","3xTG-AD","3xTG-AD","Female","7","PD Acquisition 2",7
"205","GUEPD3XTG7MF","gt70x134","Site2","3xTG-AD","3xTG-AD","Female","7","PD Acquisition 2",6
"206","GUEPD5FAD7MF","gt178f422","Site2","5xFAD","5xFAD","Female","7","PD Acquisition 2",8
"207","GUEPD5FAD7MF","gt178f423","Site2","5xFAD","5xFAD","Female","7","PD Acquisition 2",4
"208","GUEPD5FAD7MF","gt178f424","Site2","5xFAD","5xFAD","Female","7","PD Acquisition 2",7
"209","GUEPD5FAD7MF","gt178f425","Site2","5xFAD","5xFAD","Female","7","PD Acquisition 2",3
"210","GUEPD5FAD7MF","gt179f426","Site2","5xFAD","5xFAD","Female","7","PD Acquisition 2",3
"211","GUEPD5FAD7MF","gt179f427","Site2","5xFAD","5xFAD","Female","7","PD Acquisition 2",10
"212","GUEPD5FAD7MF","gt179f428","Site2","5xFAD","5xFAD","Female","7","PD Acquisition 2",5
"213","GUEPD5FAD7MF","gt179f429","Site2","5xFAD","5xFAD","Female","7","PD Acquisition 2",3
"214","GUEPD5FAD7MF","gt74f147","Site2","5xFAD","5xFAD","Female","7","PD Acquisition 2",11
"215","GUEPD5FAD7MF","gt74f148","Site2","5xFAD","5xFAD","Female","7","PD Acquisition 2",7
"216","GUEPD5FAD7MF","gt74f149","Site2","5xFAD","5xFAD","Female","7","PD Acquisition 2",8
"217","GUEPD5FAD7MF","gt74f150","Site2","5xFAD","5xFAD","Female","7","PD Acquisition 2",9
"218","GUEPD5FAD7MF","gt75f151","Site2","5xFAD","5xFAD","Female","7","PD Acquisition 2",5
"219","GUEPD5FAD7MF","gt75f152","Site2","5xFAD","5xFAD","Female","7","PD Acquisition 2",19
"220","GUEPD5FAD7MF","gt75f153","Site2","5xFAD","5xFAD","Female","7","PD Acquisition 2",10
"221","GUEPD5FAD7MF","gt76f155","Site2","5xFAD","5xFAD","Female","7","PD Acquisition 2",4
"222","GUEPD5FAD7MF","gt76f156","Site2","5xFAD","5xFAD","Female","7","PD Acquisition 2",7
"223","GUEPD5FAD7MF","gt76f158","Site2","5xFAD","5xFAD","Female","7","PD Acquisition 2",4
"224","GUEPDAPP7MF","gt147a317","Site2","APP-PS1","APPPS1","Female","7","PD Acquisition 2",5
"225","GUEPDAPP7MF","gt147a318","Site2","APP-PS1","APPPS1","Female","7","PD Acquisition 2",9
"226","GUEPDAPP7MF","gt148a320","Site2","APP-PS1","APPPS1","Female","7","PD Acquisition 2",8
"227","GUEPDAPP7MF","gt148a321","Site2","APP-PS1","APPPS1","Female","7","PD Acquisition 2",10
"228","GUEPDAPP7MF","gt149a322","Site2","APP-PS1","APPPS1","Female","7","PD Acquisition 2",10
"229","GUEPDAPP7MF","gt149a324","Site2","APP-PS1","APPPS1","Female","7","PD Acquisition 2",15
"230","GUEPDAPP7MF","gt150a327","Site2","APP-PS1","APPPS1","Female","7","PD Acquisition 2",14
"231","GUEPDAPP7MF","gt151a330","Site2","APP-PS1","APPPS1","Female","7","PD Acquisition 2",6
"232","GUEPDAPP7MF","gt151a331","Site2","APP-PS1","APPPS1","Female","7","PD Acquisition 2",6
"233","GUEPD3XTG7MF","gw61x105","Site2","3xTG-AD","B6129SF2/J","Female","7","PD Acquisition 2",8
"234","GUEPD3XTG7MF","gw61x106","Site2","3xTG-AD","B6129SF2/J","Female","7","PD Acquisition 2",14
"235","GUEPD3XTG7MF","gw61x107","Site2","3xTG-AD","B6129SF2/J","Female","7","PD Acquisition 2",16
"236","GUEPD3XTG7MF","gw62x108","Site2","3xTG-AD","B6129SF2/J","Female","7","PD Acquisition 2",7
"237","GUEPD3XTG7MF","gw62x109","Site2","3xTG-AD","B6129SF2/J","Female","7","PD Acquisition 2",11
"238","GUEPD3XTG7MF","gw62x110","Site2","3xTG-AD","B6129SF2/J","Female","7","PD Acquisition 2",8
"239","GUEPD3XTG7MF","gw63x111","Site2","3xTG-AD","B6129SF2/J","Female","7","PD Acquisition 2",8
"240","GUEPD3XTG7MF","gw63x112","Site2","3xTG-AD","B6129SF2/J","Female","7","PD Acquisition 2",4
"241","GUEPD3XTG7MF","gw63x113","Site2","3xTG-AD","B6129SF2/J","Female","7","PD Acquisition 2",12
"242","GUEPD3XTG7MF","gw64x114","Site2","3xTG-AD","B6129SF2/J","Female","7","PD Acquisition 2",7
"243","GUEPD3XTG7MF","gw64x115","Site2","3xTG-AD","B6129SF2/J","Female","7","PD Acquisition 2",9
"244","GUEPD3XTG7MF","gw64x116","Site2","3xTG-AD","B6129SF2/J","Female","7","PD Acquisition 2",4
"245","GUEPD3XTG7MF","gw65x117","Site2","3xTG-AD","B6129SF2/J","Female","7","PD Acquisition 2",6
"246","GUEPD3XTG7MF","gw65x118","Site2","3xTG-AD","B6129SF2/J","Female","7","PD Acquisition 2",4
"247","GUEPD3XTG7MF","gw65x119","Site2","3xTG-AD","B6129SF2/J","Female","7","PD Acquisition 2",6
"248","GUEPD5FAD7MF","gw175f411","Site2","5xFAD","B6SJLF1/J","Female","7","PD Acquisition 2",2
"249","GUEPD5FAD7MF","gw176f414","Site2","5xFAD","B6SJLF1/J","Female","7","PD Acquisition 2",1
"250","GUEPD5FAD7MF","gw176f416","Site2","5xFAD","B6SJLF1/J","Female","7","PD Acquisition 2",9
"251","GUEPD5FAD7MF","gw176f417","Site2","5xFAD","B6SJLF1/J","Female","7","PD Acquisition 2",2
"252","GUEPD5FAD7MF","gw177f418","Site2","5xFAD","B6SJLF1/J","Female","7","PD Acquisition 2",2
"253","GUEPD5FAD7MF","gw177f419","Site2","5xFAD","B6SJLF1/J","Female","7","PD Acquisition 2",1
"254","GUEPD5FAD7MF","gw177f420","Site2","5xFAD","B6SJLF1/J","Female","7","PD Acquisition 2",2
"255","GUEPD5FAD7MF","gw71f135","Site2","5xFAD","B6SJLF1/J","Female","7","PD Acquisition 2",12
"256","GUEPD5FAD7MF","gw71f136","Site2","5xFAD","B6SJLF1/J","Female","7","PD Acquisition 2",9
"257","GUEPD5FAD7MF","gw71f137","Site2","5xFAD","B6SJLF1/J","Female","7","PD Acquisition 2",8
"258","GUEPD5FAD7MF","gw71f138","Site2","5xFAD","B6SJLF1/J","Female","7","PD Acquisition 2",9
"259","GUEPD5FAD7MF","gw72f139","Site2","5xFAD","B6SJLF1/J","Female","7","PD Acquisition 2",8
"260","GUEPD5FAD7MF","gw72f140","Site2","5xFAD","B6SJLF1/J","Female","7","PD Acquisition 2",11
"261","GUEPD5FAD7MF","gw72f142","Site2","5xFAD","B6SJLF1/J","Female","7","PD Acquisition 2",10
"262","GUEPD5FAD7MF","gw73f143","Site2","5xFAD","B6SJLF1/J","Female","7","PD Acquisition 2",29
"263","GUEPD5FAD7MF","gw73f144","Site2","5xFAD","B6SJLF1/J","Female","7","PD Acquisition 2",10
"264","GUEPD5FAD7MF","gw73f145","Site2","5xFAD","B6SJLF1/J","Female","7","PD Acquisition 2",13
"265","GUEPD5FAD7MF","gw73f146","Site2","5xFAD","B6SJLF1/J","Female","7","PD Acquisition 2",13
"266","GUEPDAPP7MF","gw142a300","Site2","APP-PS1","C57BL6","Female","7","PD Acquisition 2",9
"267","GUEPDAPP7MF","gw142a301","Site2","APP-PS1","C57BL6","Female","7","PD Acquisition 2",14
"268","GUEPDAPP7MF","gw142a302","Site2","APP-PS1","C57BL6","Female","7","PD Acquisition 2",7
"269","GUEPDAPP7MF","gw142a303","Site2","APP-PS1","C57BL6","Female","7","PD Acquisition 2",10
"270","GUEPDAPP7MF","gw143a304","Site2","APP-PS1","C57BL6","Female","7","PD Acquisition 2",9
"271","GUEPDAPP7MF","gw143a305","Site2","APP-PS1","C57BL6","Female","7","PD Acquisition 2",5
"272","GUEPDAPP7MF","gw144a306","Site2","APP-PS1","C57BL6","Female","7","PD Acquisition 2",15
"273","GUEPDAPP7MF","gw144a307","Site2","APP-PS1","C57BL6","Female","7","PD Acquisition 2",6
"274","GUEPDAPP7MF","gw144a308","Site2","APP-PS1","C57BL6","Female","7","PD Acquisition 2",20
"275","GUEPDAPP7MF","gw145a310","Site2","APP-PS1","C57BL6","Female","7","PD Acquisition 2",9
"276","GUEPDAPP7MF","gw145a311","Site2","APP-PS1","C57BL6","Female","7","PD Acquisition 2",5
"277","GUEPDAPP7MF","gw145a312","Site2","APP-PS1","C57BL6","Female","7","PD Acquisition 2",8
"278","GUEPDAPP7MF","gw145a313","Site2","APP-PS1","C57BL6","Female","7","PD Acquisition 2",6
"279","GUEPDAPP7MF","gw146a314","Site2","APP-PS1","C57BL6","Female","7","PD Acquisition 2",11
"280","GUEPDAPP7MF","gw146a315","Site2","APP-PS1","C57BL6","Female","7","PD Acquisition 2",4
"281","LONPD3XTG7MM","lt57x112","Site1","3xTG-AD","3xTG-AD","Male","7","PD Acquisition 2",9
"282","LONPD3XTG7MM","lt57x113","Site1","3xTG-AD","3xTG-AD","Male","7","PD Acquisition 2",5
"283","LONPD3XTG7MM","lt58x114","Site1","3xTG-AD","3xTG-AD","Male","7","PD Acquisition 2",10
"284","LONPD3XTG7MM","lt58x115","Site1","3xTG-AD","3xTG-AD","Male","7","PD Acquisition 2",8
"285","LONPD3XTG7MM","lt59x116","Site1","3xTG-AD","3xTG-AD","Male","7","PD Acquisition 2",6
"286","LONPD3XTG7MM","lt59x117","Site1","3xTG-AD","3xTG-AD","Male","7","PD Acquisition 2",7
"287","LONPD3XTG7MM","lt60x118","Site1","3xTG-AD","3xTG-AD","Male","7","PD Acquisition 2",7
"288","LONPD3XTG7MM","lt60x119","Site1","3xTG-AD","3xTG-AD","Male","7","PD Acquisition 2",7
"289","LONPD3XTG7MM","lt61x120","Site1","3xTG-AD","3xTG-AD","Male","7","PD Acquisition 2",7
"290","LONPD3XTG7MM","lt61x121","Site1","3xTG-AD","3xTG-AD","Male","7","PD Acquisition 2",4
"291","LONPD3XTG7MM","lt62x122","Site1","3xTG-AD","3xTG-AD","Male","7","PD Acquisition 2",4
"292","LONPD3XTG7MM","lt62x123","Site1","3xTG-AD","3xTG-AD","Male","7","PD Acquisition 2",4
"293","LONPD3XTG7MM","lt63x124","Site1","3xTG-AD","3xTG-AD","Male","7","PD Acquisition 2",4
"294","LONPD3XTG7MM","lt63x125","Site1","3xTG-AD","3xTG-AD","Male","7","PD Acquisition 2",4
"295","LONPD5FAD7MM","lt107f169","Site1","5xFAD","5xFAD","Male","7","PD Acquisition 2",4
"296","LONPD5FAD7MM","lt108f170","Site1","5xFAD","5xFAD","Male","7","PD Acquisition 2",5
"297","LONPD5FAD7MM","lt109f171","Site1","5xFAD","5xFAD","Male","7","PD Acquisition 2",4
"298","LONPD5FAD7MM","lt110f172","Site1","5xFAD","5xFAD","Male","7","PD Acquisition 2",10
"299","LONPD5FAD7MM","lt111f173","Site1","5xFAD","5xFAD","Male","7","PD Acquisition 2",10
"300","LONPD5FAD7MM","lt112f174","Site1","5xFAD","5xFAD","Male","7","PD Acquisition 2",14
"301","LONPD5FAD7MM","lt113f175","Site1","5xFAD","5xFAD","Male","7","PD Acquisition 2",5
"302","LONPD5FAD7MM","lt114f176","Site1","5xFAD","5xFAD","Male","7","PD Acquisition 2",20
"303","LONPD5FAD7MM","lt115f177","Site1","5xFAD","5xFAD","Male","7","PD Acquisition 2",6
"304","LONPD5FAD7MM","lt116f178","Site1","5xFAD","5xFAD","Male","7","PD Acquisition 2",6
"305","LONPD5FAD7MM","lt117f179","Site1","5xFAD","5xFAD","Male","7","PD Acquisition 2",6
"306","LONPD5FAD7MM","lt118f180","Site1","5xFAD","5xFAD","Male","7","PD Acquisition 2",10
"307","LONPD5FAD7MM","lt119f181","Site1","5xFAD","5xFAD","Male","7","PD Acquisition 2",10
"308","LONPD5FAD7MM","lt120f182","Site1","5xFAD","5xFAD","Male","7","PD Acquisition 2",10
"309","LONPD5FAD7MM","lt383f445","Site1","5xFAD","5xFAD","Male","7","PD Acquisition 2",8
"310","LONPD5FAD7MM","lt384f446","Site1","5xFAD","5xFAD","Male","7","PD Acquisition 2",7
"311","LONPD5FAD7MM","lt385f447","Site1","5xFAD","5xFAD","Male","7","PD Acquisition 2",8
"312","LONPDAPP7MM","lt155a217","Site1","APP-PS1","APPPS1","Male","7","PD Acquisition 2",15
"313","LONPDAPP7MM","lt156a218","Site1","APP-PS1","APPPS1","Male","7","PD Acquisition 2",8
"314","LONPDAPP7MM","lt159a221","Site1","APP-PS1","APPPS1","Male","7","PD Acquisition 2",14
"315","LONPDAPP7MM","lt160a222","Site1","APP-PS1","APPPS1","Male","7","PD Acquisition 2",5
"316","LONPDAPP7MM","lt163a225","Site1","APP-PS1","APPPS1","Male","7","PD Acquisition 2",12
"317","LONPDAPP7MM","lt164a226","Site1","APP-PS1","APPPS1","Male","7","PD Acquisition 2",8
"318","LONPDAPP7MM","lt167a229","Site1","APP-PS1","APPPS1","Male","7","PD Acquisition 2",6
"319","LONPDAPP7MM","lt168a230","Site1","APP-PS1","APPPS1","Male","7","PD Acquisition 2",6
"320","LONPDAPP7MM","lt217a279","Site1","APP-PS1","APPPS1","Male","7","PD Acquisition 2",6
"321","LON5CAPP7MM","lt218a280","Site1","APP-PS1","APPPS1","Male","7","PD Acquisition 2",6
"322","LONPDAPP7MM","lt222a284","Site1","APP-PS1","APPPS1","Male","7","PD Acquisition 2",4
"323","LONPDAPP7MM","lt378a440","Site1","APP-PS1","APPPS1","Male","7","PD Acquisition 2",11
"324","LONPDAPP7MM","lt381a443","Site1","APP-PS1","APPPS1","Male","7","PD Acquisition 2",4
"325","LONPD3XTG7MM","lw49x097","Site1","3xTG-AD","B6129SF2/J","Male","7","PD Acquisition 2",9
"326","LONPD3XTG7MM","lw49x098","Site1","3xTG-AD","B6129SF2/J","Male","7","PD Acquisition 2",9
"327","LONPD3XTG7MM","lw50x099","Site1","3xTG-AD","B6129SF2/J","Male","7","PD Acquisition 2",6
"328","LONPD3XTG7MM","lw50x100","Site1","3xTG-AD","B6129SF2/J","Male","7","PD Acquisition 2",9
"329","LONPD3XTG7MM","lw51x101","Site1","3xTG-AD","B6129SF2/J","Male","7","PD Acquisition 2",4
"330","LONPD3XTG7MM","lw51x102","Site1","3xTG-AD","B6129SF2/J","Male","7","PD Acquisition 2",4
"331","LONPD3XTG7MM","lw52x103","Site1","3xTG-AD","B6129SF2/J","Male","7","PD Acquisition 2",4
"332","LONPD3XTG7MM","lw52x104","Site1","3xTG-AD","B6129SF2/J","Male","7","PD Acquisition 2",6
"333","LONPD3XTG7MM","lw53x105","Site1","3xTG-AD","B6129SF2/J","Male","7","PD Acquisition 2",6
"334","LONPD3XTG7MM","lw53x106","Site1","3xTG-AD","B6129SF2/J","Male","7","PD Acquisition 2",11
"335","LONPD3XTG7MM","lw54x107","Site1","3xTG-AD","B6129SF2/J","Male","7","PD Acquisition 2",8
"336","LONPD3XTG7MM","lw54x108","Site1","3xTG-AD","B6129SF2/J","Male","7","PD Acquisition 2",12
"337","LONPD3XTG7MM","lw55x109","Site1","3xTG-AD","B6129SF2/J","Male","7","PD Acquisition 2",9
"338","LONPD3XTG7MM","lw55x110","Site1","3xTG-AD","B6129SF2/J","Male","7","PD Acquisition 2",7
"339","LONPD3XTG7MM","lw56x111","Site1","3xTG-AD","B6129SF2/J","Male","7","PD Acquisition 2",6
"340","LONPD5FAD7MM","lw100f162","Site1","5xFAD","B6SJLF1/J","Male","7","PD Acquisition 2",15
"341","LONPD5FAD7MM","lw101f163","Site1","5xFAD","B6SJLF1/J","Male","7","PD Acquisition 2",16
"342","LONPD5FAD7MM","lw102f164","Site1","5xFAD","B6SJLF1/J","Male","7","PD Acquisition 2",9
"343","LONPD5FAD7MM","lw103f165","Site1","5xFAD","B6SJLF1/J","Male","7","PD Acquisition 2",14
"344","LONPD5FAD7MM","lw104f166","Site1","5xFAD","B6SJLF1/J","Male","7","PD Acquisition 2",14
"345","LONPD5FAD7MM","lw105f167","Site1","5xFAD","B6SJLF1/J","Male","7","PD Acquisition 2",4
"346","LONPD5FAD7MM","lw106f168","Site1","5xFAD","B6SJLF1/J","Male","7","PD Acquisition 2",10
"347","LONPD5FAD7MM","lw378f440","Site1","5xFAD","B6SJLF1/J","Male","7","PD Acquisition 2",11
"348","LONPD5FAD7MM","lw379f441","Site1","5xFAD","B6SJLF1/J","Male","7","PD Acquisition 2",9
"349","LONPD5FAD7MM","lw380f442","Site1","5xFAD","B6SJLF1/J","Male","7","PD Acquisition 2",14
"350","LONPD5FAD7MM","lw381f443","Site1","5xFAD","B6SJLF1/J","Male","7","PD Acquisition 2",12
"351","LONPD5FAD7MM","lw93f155","Site1","5xFAD","B6SJLF1/J","Male","7","PD Acquisition 2",14
"352","LONPD5FAD7MM","lw94f156","Site1","5xFAD","B6SJLF1/J","Male","7","PD Acquisition 2",3
"353","LONPD5FAD7MM","lw95f157","Site1","5xFAD","B6SJLF1/J","Male","7","PD Acquisition 2",6
"354","LONPD5FAD7MM","lw97f159","Site1","5xFAD","B6SJLF1/J","Male","7","PD Acquisition 2",9
"355","LONPD5FAD7MM","lw99f161","Site1","5xFAD","B6SJLF1/J","Male","7","PD Acquisition 2",4
"356","LONPDAPP7MM","lw153a215","Site1","APP-PS1","C57BL6","Male","7","PD Acquisition 2",10
"357","LONPDAPP7MM","lw154a216","Site1","APP-PS1","C57BL6","Male","7","PD Acquisition 2",7
"358","LONPDAPP7MM","lw157a219","Site1","APP-PS1","C57BL6","Male","7","PD Acquisition 2",7
"359","LONPDAPP7MM","lw158a220","Site1","APP-PS1","C57BL6","Male","7","PD Acquisition 2",15
"360","LONPDAPP7MM","lw161a223","Site1","APP-PS1","C57BL6","Male","7","PD Acquisition 2",11
"361","LONPDAPP7MM","lw162a224","Site1","APP-PS1","C57BL6","Male","7","PD Acquisition 2",6
"362","LONPDAPP7MM","lw165a227","Site1","APP-PS1","C57BL6","Male","7","PD Acquisition 2",8
"363","LONPDAPP7MM","lw166a228","Site1","APP-PS1","C57BL6","Male","7","PD Acquisition 2",7
"364","LONPDAPP7MM","lw215a277","Site1","APP-PS1","C57BL6","Male","7","PD Acquisition 2",6
"365","LONPDAPP7MM","lw216a278","Site1","APP-PS1","C57BL6","Male","7","PD Acquisition 2",3
"366","LONPDAPP7MM","lw219a281","Site1","APP-PS1","C57BL6","Male","7","PD Acquisition 2",7
"367","LONPDAPP7MM","lw220a282","Site1","APP-PS1","C57BL6","Male","7","PD Acquisition 2",4
"368","LONPDAPP7MM","lw223a285","Site1","APP-PS1","C57BL6","Male","7","PD Acquisition 2",7
"369","LONPDAPP7MM","lw379a441","Site1","APP-PS1","C57BL6","Male","7","PD Acquisition 2",7
"370","LONPDAPP7MM","lw383a445","Site1","APP-PS1","C57BL6","Male","7","PD Acquisition 2",8
"371","GUEPD3XTG10MF","gt66x120","Site2","3xTG-AD","3xTG-AD","Female","10","PD Acquisition 3",6
"372","GUEPD3XTG10MF","gt66x121","Site2","3xTG-AD","3xTG-AD","Female","10","PD Acquisition 3",9
"373","GUEPD3XTG10MF","gt66x122","Site2","3xTG-AD","3xTG-AD","Female","10","PD Acquisition 3",15
"374","GUEPD3XTG10MF","gt67x123","Site2","3xTG-AD","3xTG-AD","Female","10","PD Acquisition 3",18
"375","GUEPD3XTG10MF","gt67x124","Site2","3xTG-AD","3xTG-AD","Female","10","PD Acquisition 3",14
"376","GUEPD3XTG10MF","gt67x125","Site2","3xTG-AD","3xTG-AD","Female","10","PD Acquisition 3",25
"377","GUEPD3XTG10MF","gt68x126","Site2","3xTG-AD","3xTG-AD","Female","10","PD Acquisition 3",8
"378","GUEPD3XTG10MF","gt68x127","Site2","3xTG-AD","3xTG-AD","Female","10","PD Acquisition 3",7
"379","GUEPD3XTG10MF","gt68x128","Site2","3xTG-AD","3xTG-AD","Female","10","PD Acquisition 3",15
"380","GUEPD3XTG10MF","gt69x129","Site2","3xTG-AD","3xTG-AD","Female","10","PD Acquisition 3",26
"381","GUEPD3XTG10MF","gt69x130","Site2","3xTG-AD","3xTG-AD","Female","10","PD Acquisition 3",7
"382","GUEPD3XTG10MF","gt69x131","Site2","3xTG-AD","3xTG-AD","Female","10","PD Acquisition 3",31
"383","GUEPD3XTG10MF","gt70x132","Site2","3xTG-AD","3xTG-AD","Female","10","PD Acquisition 3",6
"384","GUEPD3XTG10MF","gt70x133","Site2","3xTG-AD","3xTG-AD","Female","10","PD Acquisition 3",6
"385","GUEPD3XTG10MF","gt70x134","Site2","3xTG-AD","3xTG-AD","Female","10","PD Acquisition 3",6
"386","GUEPD5FAD10MF","gt178f422","Site2","5xFAD","5xFAD","Female","10","PD Acquisition 3",30
"387","GUEPD5FAD10MF","gt178f423","Site2","5xFAD","5xFAD","Female","10","PD Acquisition 3",28
"388","GUEPD5FAD10MF","gt178f424","Site2","5xFAD","5xFAD","Female","10","PD Acquisition 3",9
"389","GUEPD5FAD10MF","gt178f425","Site2","5xFAD","5xFAD","Female","10","PD Acquisition 3",17
"390","GUEPD5FAD10MF","gt179f426","Site2","5xFAD","5xFAD","Female","10","PD Acquisition 3",8
"391","GUEPD5FAD10MF","gt179f427","Site2","5xFAD","5xFAD","Female","10","PD Acquisition 3",30
"392","GUEPD5FAD10MF","gt179f428","Site2","5xFAD","5xFAD","Female","10","PD Acquisition 3",17
"393","GUEPD5FAD10MF","gt179f429","Site2","5xFAD","5xFAD","Female","10","PD Acquisition 3",13
"394","GUEPD5FAD10MF","gt74f147","Site2","5xFAD","5xFAD","Female","10","PD Acquisition 3",28
"395","GUEPD5FAD10MF","gt74f148","Site2","5xFAD","5xFAD","Female","10","PD Acquisition 3",33
"396","GUEPD5FAD10MF","gt74f149","Site2","5xFAD","5xFAD","Female","10","PD Acquisition 3",11
"397","GUEPD5FAD10MF","gt74f150","Site2","5xFAD","5xFAD","Female","10","PD Acquisition 3",12
"398","GUEPD5FAD10MF","gt75f151","Site2","5xFAD","5xFAD","Female","10","PD Acquisition 3",8
"399","GUEPD5FAD10MF","gt75f152","Site2","5xFAD","5xFAD","Female","10","PD Acquisition 3",34
"400","GUEPD5FAD10MF","gt75f153","Site2","5xFAD","5xFAD","Female","10","PD Acquisition 3",23
"401","GUEPD5FAD10MF","gt76f155","Site2","5xFAD","5xFAD","Female","10","PD Acquisition 3",16
"402","GUEPD5FAD10MF","gt76f156","Site2","5xFAD","5xFAD","Female","10","PD Acquisition 3",12
"403","GUEPD5FAD10MF","gt76f158","Site2","5xFAD","5xFAD","Female","10","PD Acquisition 3",9
"404","GUEPDAPP10MF","gt147a317","Site2","APP-PS1","APPPS1","Female","10","PD Acquisition 3",9
"405","GUEPDAPP10MF","gt147a318","Site2","APP-PS1","APPPS1","Female","10","PD Acquisition 3",18
"406","GUEPDAPP10MF","gt148a320","Site2","APP-PS1","APPPS1","Female","10","PD Acquisition 3",17
"407","GUEPDAPP10MF","gt148a321","Site2","APP-PS1","APPPS1","Female","10","PD Acquisition 3",17
"408","GUEPDAPP10MF","gt150a327","Site2","APP-PS1","APPPS1","Female","10","PD Acquisition 3",14
"409","GUEPDAPP10MF","gt151a330","Site2","APP-PS1","APPPS1","Female","10","PD Acquisition 3",14
"410","GUEPDAPP10MF","gt151a331","Site2","APP-PS1","APPPS1","Female","10","PD Acquisition 3",14
"411","GUEPD3XTG10MF","gw61x105","Site2","3xTG-AD","B6129SF2/J","Female","10","PD Acquisition 3",12
"412","GUEPD3XTG10MF","gw61x106","Site2","3xTG-AD","B6129SF2/J","Female","10","PD Acquisition 3",30
"413","GUEPD3XTG10MF","gw61x107","Site2","3xTG-AD","B6129SF2/J","Female","10","PD Acquisition 3",16
"414","GUEPD3XTG10MF","gw62x108","Site2","3xTG-AD","B6129SF2/J","Female","10","PD Acquisition 3",9
"415","GUEPD3XTG10MF","gw62x109","Site2","3xTG-AD","B6129SF2/J","Female","10","PD Acquisition 3",13
"416","GUEPD3XTG10MF","gw62x110","Site2","3xTG-AD","B6129SF2/J","Female","10","PD Acquisition 3",5
"417","GUEPD3XTG10MF","gw63x111","Site2","3xTG-AD","B6129SF2/J","Female","10","PD Acquisition 3",9
"418","GUEPD3XTG10MF","gw63x112","Site2","3xTG-AD","B6129SF2/J","Female","10","PD Acquisition 3",6
"419","GUEPD3XTG10MF","gw63x113","Site2","3xTG-AD","B6129SF2/J","Female","10","PD Acquisition 3",31
"420","GUEPD3XTG10MF","gw64x114","Site2","3xTG-AD","B6129SF2/J","Female","10","PD Acquisition 3",7
"421","GUEPD3XTG10MF","gw64x115","Site2","3xTG-AD","B6129SF2/J","Female","10","PD Acquisition 3",7
"422","GUEPD3XTG10MF","gw64x116","Site2","3xTG-AD","B6129SF2/J","Female","10","PD Acquisition 3",4
"423","GUEPD3XTG10MF","gw65x117","Site2","3xTG-AD","B6129SF2/J","Female","10","PD Acquisition 3",13
"424","GUEPD3XTG10MF","gw65x118","Site2","3xTG-AD","B6129SF2/J","Female","10","PD Acquisition 3",7
"425","GUEPD3XTG10MF","gw65x119","Site2","3xTG-AD","B6129SF2/J","Female","10","PD Acquisition 3",12
"426","GUEPD5FAD10MF","gw175f410","Site2","5xFAD","B6SJLF1/J","Female","10","PD Acquisition 3",11
"427","GUEPD5FAD10MF","gw175f411","Site2","5xFAD","B6SJLF1/J","Female","10","PD Acquisition 3",19
"428","GUEPD5FAD10MF","gw175f412","Site2","5xFAD","B6SJLF1/J","Female","10","PD Acquisition 3",8
"429","GUEPD5FAD10MF","gw175f413","Site2","5xFAD","B6SJLF1/J","Female","10","PD Acquisition 3",10
"430","GUEPD5FAD10MF","gw176f414","Site2","5xFAD","B6SJLF1/J","Female","10","PD Acquisition 3",27
"431","GUEPD5FAD10MF","gw176f415","Site2","5xFAD","B6SJLF1/J","Female","10","PD Acquisition 3",27
"432","GUEPD5FAD10MF","gw176f416","Site2","5xFAD","B6SJLF1/J","Female","10","PD Acquisition 3",28
"433","GUEPD5FAD10MF","gw176f417","Site2","5xFAD","B6SJLF1/J","Female","10","PD Acquisition 3",30
"434","GUEPD5FAD10MF","gw177f418","Site2","5xFAD","B6SJLF1/J","Female","10","PD Acquisition 3",16
"435","GUEPD5FAD10MF","gw177f419","Site2","5xFAD","B6SJLF1/J","Female","10","PD Acquisition 3",11
"436","GUEPD5FAD10MF","gw177f420","Site2","5xFAD","B6SJLF1/J","Female","10","PD Acquisition 3",30
"437","GUEPD5FAD10MF","gw177f421","Site2","5xFAD","B6SJLF1/J","Female","10","PD Acquisition 3",8
"438","GUEPD5FAD10MF","gw71f135","Site2","5xFAD","B6SJLF1/J","Female","10","PD Acquisition 3",40
"439","GUEPD5FAD10MF","gw71f136","Site2","5xFAD","B6SJLF1/J","Female","10","PD Acquisition 3",34
"440","GUEPD5FAD10MF","gw71f137","Site2","5xFAD","B6SJLF1/J","Female","10","PD Acquisition 3",31
"441","GUEPD5FAD10MF","gw71f138","Site2","5xFAD","B6SJLF1/J","Female","10","PD Acquisition 3",10
"442","GUEPD5FAD10MF","gw72f139","Site2","5xFAD","B6SJLF1/J","Female","10","PD Acquisition 3",33
"443","GUEPD5FAD10MF","gw72f140","Site2","5xFAD","B6SJLF1/J","Female","10","PD Acquisition 3",33
"444","GUEPD5FAD10MF","gw72f142","Site2","5xFAD","B6SJLF1/J","Female","10","PD Acquisition 3",26
"445","GUEPD5FAD10MF","gw73f144","Site2","5xFAD","B6SJLF1/J","Female","10","PD Acquisition 3",38
"446","GUEPD5FAD10MF","gw73f146","Site2","5xFAD","B6SJLF1/J","Female","10","PD Acquisition 3",31
"447","GUEPDAPP10MF","gw142a300","Site2","APP-PS1","C57BL6","Female","10","PD Acquisition 3",14
"448","GUEPDAPP10MF","gw142a301","Site2","APP-PS1","C57BL6","Female","10","PD Acquisition 3",16
"449","GUEPDAPP10MF","gw142a302","Site2","APP-PS1","C57BL6","Female","10","PD Acquisition 3",14
"450","GUEPDAPP10MF","gw142a303","Site2","APP-PS1","C57BL6","Female","10","PD Acquisition 3",18
"451","GUEPDAPP10MF","gw143a304","Site2","APP-PS1","C57BL6","Female","10","PD Acquisition 3",18
"452","GUEPDAPP10MF","gw143a305","Site2","APP-PS1","C57BL6","Female","10","PD Acquisition 3",11
"453","GUEPDAPP10MF","gw144a306","Site2","APP-PS1","C57BL6","Female","10","PD Acquisition 3",14
"454","GUEPDAPP10MF","gw144a307","Site2","APP-PS1","C57BL6","Female","10","PD Acquisition 3",14
"455","GUEPDAPP10MF","gw144a308","Site2","APP-PS1","C57BL6","Female","10","PD Acquisition 3",6
"456","GUEPDAPP10MF","gw145a310","Site2","APP-PS1","C57BL6","Female","10","PD Acquisition 3",14
"457","GUEPDAPP10MF","gw145a311","Site2","APP-PS1","C57BL6","Female","10","PD Acquisition 3",8
"458","GUEPDAPP10MF","gw145a312","Site2","APP-PS1","C57BL6","Female","10","PD Acquisition 3",14
"459","GUEPDAPP10MF","gw145a313","Site2","APP-PS1","C57BL6","Female","10","PD Acquisition 3",9
"460","GUEPDAPP10MF","gw146a314","Site2","APP-PS1","C57BL6","Female","10","PD Acquisition 3",13
"461","GUEPDAPP10MF","gw146a315","Site2","APP-PS1","C57BL6","Female","10","PD Acquisition 3",11
"462","LONPD3XTG10MM","lt57x112","Site1","3xTG-AD","3xTG-AD","Male","10","PD Acquisition 3",39
"463","LONPD3XTG10MM","lt57x113","Site1","3xTG-AD","3xTG-AD","Male","10","PD Acquisition 3",10
"464","LONPD3XTG10MM","lt58x114","Site1","3xTG-AD","3xTG-AD","Male","10","PD Acquisition 3",25
"465","LONPD3XTG10MM","lt58x115","Site1","3xTG-AD","3xTG-AD","Male","10","PD Acquisition 3",8
"466","LONPD3XTG10MM","lt59x116","Site1","3xTG-AD","3xTG-AD","Male","10","PD Acquisition 3",20
"467","LONPD3XTG10MM","lt59x117","Site1","3xTG-AD","3xTG-AD","Male","10","PD Acquisition 3",29
"468","LONPD3XTG10MM","lt60x118","Site1","3xTG-AD","3xTG-AD","Male","10","PD Acquisition 3",7
"469","LONPD3XTG10MM","lt60x119","Site1","3xTG-AD","3xTG-AD","Male","10","PD Acquisition 3",8
"470","LONPD3XTG10MM","lt61x120","Site1","3xTG-AD","3xTG-AD","Male","10","PD Acquisition 3",6
"471","LONPD3XTG10MM","lt61x121","Site1","3xTG-AD","3xTG-AD","Male","10","PD Acquisition 3",17
"472","LONPD3XTG10MM","lt62x122","Site1","3xTG-AD","3xTG-AD","Male","10","PD Acquisition 3",15
"473","LONPD3XTG10MM","lt62x123","Site1","3xTG-AD","3xTG-AD","Male","10","PD Acquisition 3",21
"474","LONPD3XTG10MM","lt63x124","Site1","3xTG-AD","3xTG-AD","Male","10","PD Acquisition 3",5
"475","LONPD3XTG10MM","lt63x125","Site1","3xTG-AD","3xTG-AD","Male","10","PD Acquisition 3",12
"476","LONPD5FAD10MM","lt107f169","Site1","5xFAD","5xFAD","Male","10","PD Acquisition 3",9
"477","LONPD5FAD10MM","lt108f170","Site1","5xFAD","5xFAD","Male","10","PD Acquisition 3",6
"478","LONPD5FAD10MM","lt109f171","Site1","5xFAD","5xFAD","Male","10","PD Acquisition 3",13
"479","LONPD5FAD10MM","lt110f172","Site1","5xFAD","5xFAD","Male","10","PD Acquisition 3",19
"480","LONPD5FAD10MM","lt111f173","Site1","5xFAD","5xFAD","Male","10","PD Acquisition 3",29
"481","LONPD5FAD10MM","lt112f174","Site1","5xFAD","5xFAD","Male","10","PD Acquisition 3",42
"482","LONPD5FAD10MM","lt113f175","Site1","5xFAD","5xFAD","Male","10","PD Acquisition 3",15
"483","LONPD5FAD10MM","lt115f177","Site1","5xFAD","5xFAD","Male","10","PD Acquisition 3",40
"484","LONPD5FAD10MM","lt116f178","Site1","5xFAD","5xFAD","Male","10","PD Acquisition 3",23
"485","LONPD5FAD10MM","lt117f179","Site1","5xFAD","5xFAD","Male","10","PD Acquisition 3",13
"486","LONPD5FAD10MM","lt118f180","Site1","5xFAD","5xFAD","Male","10","PD Acquisition 3",37
"487","LONPD5FAD10MM","lt119f181","Site1","5xFAD","5xFAD","Male","10","PD Acquisition 3",10
"488","LONPD5FAD10MM","lt120f182","Site1","5xFAD","5xFAD","Male","10","PD Acquisition 3",18
"489","LONPD5FAD10MM","lt383f445","Site1","5xFAD","5xFAD","Male","10","PD Acquisition 3",7
"490","LONPD5FAD10MM","lt384f446","Site1","5xFAD","5xFAD","Male","10","PD Acquisition 3",9
"491","LONPD5FAD10MM","lt385f447","Site1","5xFAD","5xFAD","Male","10","PD Acquisition 3",12
"492","LONPDAPP10MM","lt155a217","Site1","APP-PS1","APPPS1","Male","10","PD Acquisition 3",22
"493","LONPDAPP10MM","lt160a222","Site1","APP-PS1","APPPS1","Male","10","PD Acquisition 3",19
"494","LONPDAPP10MM","lt163a225","Site1","APP-PS1","APPPS1","Male","10","PD Acquisition 3",17
"495","LONPDAPP10MM","lt168a230","Site1","APP-PS1","APPPS1","Male","10","PD Acquisition 3",22
"496","LONPDAPP10MM","lt217a279","Site1","APP-PS1","APPPS1","Male","10","PD Acquisition 3",17
"497","LONPDAPP10MM","lt218a280","Site1","APP-PS1","APPPS1","Male","10","PD Acquisition 3",20
"498","LONPDAPP10MM","lt222a284","Site1","APP-PS1","APPPS1","Male","10","PD Acquisition 3",14
"499","LONPDAPP10MM","lt378a440","Site1","APP-PS1","APPPS1","Male","10","PD Acquisition 3",33
"500","LONPDAPP10MM","lt381a443","Site1","APP-PS1","APPPS1","Male","10","PD Acquisition 3",14
"501","LONPD3XTG10MM","lw49x097","Site1","3xTG-AD","B6129SF2/J","Male","10","PD Acquisition 3",16
"502","LONPD3XTG10MM","lw49x098","Site1","3xTG-AD","B6129SF2/J","Male","10","PD Acquisition 3",5
"503","LONPD3XTG10MM","lw50x099","Site1","3xTG-AD","B6129SF2/J","Male","10","PD Acquisition 3",6
"504","LONPD3XTG10MM","lw50x100","Site1","3xTG-AD","B6129SF2/J","Male","10","PD Acquisition 3",13
"505","LONPD3XTG10MM","lw51x101","Site1","3xTG-AD","B6129SF2/J","Male","10","PD Acquisition 3",6
"506","LONPD3XTG10MM","lw51x102","Site1","3xTG-AD","B6129SF2/J","Male","10","PD Acquisition 3",11
"507","LONPD3XTG10MM","lw52x103","Site1","3xTG-AD","B6129SF2/J","Male","10","PD Acquisition 3",16
"508","LONPD3XTG10MM","lw52x104","Site1","3xTG-AD","B6129SF2/J","Male","10","PD Acquisition 3",9
"509","LONPD3XTG10MM","lw53x105","Site1","3xTG-AD","B6129SF2/J","Male","10","PD Acquisition 3",9
"510","LONPD3XTG10MM","lw53x106","Site1","3xTG-AD","B6129SF2/J","Male","10","PD Acquisition 3",22
"511","LONPD3XTG10MM","lw54x107","Site1","3xTG-AD","B6129SF2/J","Male","10","PD Acquisition 3",14
"512","LONPD3XTG10MM","lw54x108","Site1","3xTG-AD","B6129SF2/J","Male","10","PD Acquisition 3",22
"513","LONPD3XTG10MM","lw55x109","Site1","3xTG-AD","B6129SF2/J","Male","10","PD Acquisition 3",26
"514","LONPD3XTG10MM","lw55x110","Site1","3xTG-AD","B6129SF2/J","Male","10","PD Acquisition 3",11
"515","LONPD3XTG10MM","lw56x111","Site1","3xTG-AD","B6129SF2/J","Male","10","PD Acquisition 3",9
"516","LONPD5FAD10MM","lw100f162","Site1","5xFAD","B6SJLF1/J","Male","10","PD Acquisition 3",26
"517","LONPD5FAD10MM","lw102f164","Site1","5xFAD","B6SJLF1/J","Male","10","PD Acquisition 3",16
"518","LONPD5FAD10MM","lw104f166","Site1","5xFAD","B6SJLF1/J","Male","10","PD Acquisition 3",20
"519","LONPD5FAD10MM","lw105f167","Site1","5xFAD","B6SJLF1/J","Male","10","PD Acquisition 3",5
"520","LONPD5FAD10MM","lw106f168","Site1","5xFAD","B6SJLF1/J","Male","10","PD Acquisition 3",9
"521","LONPD5FAD10MM","lw378f440","Site1","5xFAD","B6SJLF1/J","Male","10","PD Acquisition 3",34
"522","LONPD5FAD10MM","lw379f441","Site1","5xFAD","B6SJLF1/J","Male","10","PD Acquisition 3",4
"523","LONPD5FAD10MM","lw381f443","Site1","5xFAD","B6SJLF1/J","Male","10","PD Acquisition 3",9
"524","LONPD5FAD10MM","lw93f155","Site1","5xFAD","B6SJLF1/J","Male","10","PD Acquisition 3",13
"525","LONPD5FAD10MM","lw94f156","Site1","5xFAD","B6SJLF1/J","Male","10","PD Acquisition 3",16
"526","LONPD5FAD10MM","lw95f157","Site1","5xFAD","B6SJLF1/J","Male","10","PD Acquisition 3",7
"527","LONPD5FAD10MM","lw97f159","Site1","5xFAD","B6SJLF1/J","Male","10","PD Acquisition 3",9
"528","LONPD5FAD10MM","lw98f160","Site1","5xFAD","B6SJLF1/J","Male","10","PD Acquisition 3",10
"529","LONPD5FAD10MM","lw99f161","Site1","5xFAD","B6SJLF1/J","Male","10","PD Acquisition 3",4
"530","LONPDAPP10MM","lw153a215","Site1","APP-PS1","C57BL6","Male","10","PD Acquisition 3",43
"531","LONPDAPP10MM","lw154a216","Site1","APP-PS1","C57BL6","Male","10","PD Acquisition 3",20
"532","LONPDAPP10MM","lw157a219","Site1","APP-PS1","C57BL6","Male","10","PD Acquisition 3",9
"533","LONPDAPP10MM","lw158a220","Site1","APP-PS1","C57BL6","Male","10","PD Acquisition 3",22
"534","LONPDAPP10MM","lw161a223","Site1","APP-PS1","C57BL6","Male","10","PD Acquisition 3",17
"535","LONPDAPP10MM","lw162a224","Site1","APP-PS1","C57BL6","Male","10","PD Acquisition 3",17
"536","LONPDAPP10MM","lw165a227","Site1","APP-PS1","C57BL6","Male","10","PD Acquisition 3",18
"537","LONPDAPP10MM","lw166a228","Site1","APP-PS1","C57BL6","Male","10","PD Acquisition 3",9
"538","LONPDAPP10MM","lw215a277","Site1","APP-PS1","C57BL6","Male","10","PD Acquisition 3",19
"539","LONPDAPP10MM","lw216a278","Site1","APP-PS1","C57BL6","Male","10","PD Acquisition 3",6
"540","LONPDAPP10MM","lw219a281","Site1","APP-PS1","C57BL6","Male","10","PD Acquisition 3",11
"541","LONPDAPP10MM","lw220a282","Site1","APP-PS1","C57BL6","Male","10","PD Acquisition 3",7
"542","LONPDAPP10MM","lw223a285","Site1","APP-PS1","C57BL6","Male","10","PD Acquisition 3",7
"543","LONPDAPP10MM","lw379a441","Site1","APP-PS1","C57BL6","Male","10","PD Acquisition 3",16
"544","LONPDAPP10MM","lw383a445","Site1","APP-PS1","C57BL6","Male","10","PD Acquisition 3",22
